Name;DisplayName
;
Anti_pump, _118_Anti_Pump;Alarm_Anti_Pump
_111_Antitank_Empty, AlarmAntiScalant, Anti_Tank, Anti_Tankk, Anti_Tankkk, AntiScalantTank, AntiTank, AntiTank_empty, AntiTankkk, _21_Anti_Scalant_Tank, _38_Alarm_Anti_Scalant_Alarm;Alarm_AntiScalant_Tank
Alarm_Well_Level, Alarm_Well_Water, AlarmWellLevel, _40_Alarm_Well_Level, _27_Alarm_Well_Level_Alarm;Alarm_Borehole_empty
_23_Comp_Alarm, _35_Alarm_Comp, Alarm_Comp, Comp_Alarm;Alarm_Comp
Dosing_Pump_Alarm, _105_Dosing_Pump_Alarm;Alarm_Dosing_Pump
_31_Alarm_DPS, Alarm_DPSe;Alarm_DPS
_30_Alarm_Drain_Valve, Alarm_Drain_Valve;Alarm_Drain_Valve
_22_Evap_Motor_Alarm,_34_Alarm_Evap,_41_Alarm_Evap_Rotation, Alarm_Evap, Alarm_Evap_Rotation, Evap_Motor_Alarm;Alarm_Evap_Motor
_20_Fan_1_Alarm, _32_Alarm_Fan_1, Alarm_Fan_1, Fan_1_Alarm, _21_Fan_2_Alarm, Alarm_Fan_2, Fan_2_Alarm, _33_Alarm_Fan_2;Alarm_Fan_1
AlarmFlowMeter, _39_Alarm_Flow_Meter_Alarm;Alarm_Flowmeter
_29_Alarm_Inlet_Valve_Water, Alarm_Inlet_Valve_Water;Alarm_Inlet_Valve
Alarm_Inverter_A, AlarmFeedInverterStatus, _30_Alarm_Bohrhole_Inverter_Status_Alarm;Alarm_Inverter1
Alarm_Inverter_B, AlarmBoosterInverterStatus, _28_Alarm_Feed_Inverter_Status_Alarm;Alarm_Inverter2
Alarm_Inverter_C, AlarmBohrholeInverterStatus, _29_Alarm_Booster_Inverter_Status_Alarm;Alarm_Inverter3
_28_Alarm_Lid, Alarm_Lid, _12_Lid_Alarm;Alarm_Lid
Ph_Alarm;Alarm_Ph
Alarm_High_Pressure, Pressurre_Alarm, _15_Pressurre_Alarm, _17_Alarm_High_Pressure, AlarmHighPressure, _31_Alarm_High_Pressure_Alarm;Alarm_Pressure
AlarmRaw_Tank_Alarm, _41_AlarmRaw_Tank_Alarm;Alarm_Raw_Tank
_39_Alarm_Tank;Alarm_Tank 
AlarmHighTDS, _32_Alarm_High_TDS_Alarm;Alarm_TDS
_18_Alarm_Inverter, _19_Alarm_Temperature_Inverter, Alarm_Inverter, Alarm_Temperature_Inverter;Alarm_Temp_Inverter
_36_Alarm_Inverter_A, _42_Alarm_Inverter_1_Over_Temperature, Alarm_Inverter_1_Over_Temperature; AlarmBohrholeInverterTemperature, _35_Alarm_Bohrhole_Inverter_Temperature_Alarm";Alarm_Temp_Inverter1
AlarmFeedInverterTemperature, _37_Alarm_Inverter_B, _43_Alarm_Inverter_2_Over_Temperature, Alarm_Inverter_2_Over_Temperature, _33_Alarm_Feed_Inverter_Temperature_Alarm;Alarm_Temp_Inverter2
AlarmBoosterInverterTemperature, _38_Alarm_Inverter_C, _44_Alarm_Inverter_3_Over_Temperature, _34_Alarm_Booster_Inverter_Temperature_Alarm;Alarm_Temp_Inverter3
AlarmUnstableVoltage, _40_Alarm_Unstable_Voltage_Alarm;Alarm_Unstable_Volt
_20_Alarm_UV_Lamp, Alarm_UV_Lamp;Alarm_UV_Lamp
AlarmUVInLamp, _36_Alarm_UV_In_Lamp_Alarm;Alarm_UVIn_Lamp
AlarmUVOutLamp, _37_Alarm_UV_Out_Lamp_Alarm;Alarm_UVOut_Lamp
AlarmValve1, _42_Alarm_Valve_1_Alarm;Alarm_Valve1
AlarmValve2, _43_Alarm_Valve_2_Alarm;Alarm_Valve2
AlarmValve3, _44_Alarm_Valve_3_Alarm;Alarm_Valve3
AlarmValve4, _45_Alarm_Valve_4_Alarm;Alarm_Valve4
AlarmValve5, _46_Alarm_Valve_5_Alarm;Alarm_Valve5
_21_Alarm_6_Water_Meter, Alarm_6_Water_Meter;Alarm_Watermeter
_11_Auto_Manual, _12_Auto_Manual, Auto_Manual, Switch_Auto;Auto_Manual_Switch
BackwashSwitch, _15_Back_Wash_Switch;Backwash_Switch
Switch_P3, BoosterSwitch, _14_Booster_Switch;Booster_Pump_Switch
_120_Boost_Total_Run;Booster_Pump_Total_Run
_16_Alarm_Well_Water;Borehole_empty
_14_Borhole_Float_Switch, _24_Borhole_Float_Switch, Borhole_Float_Switch, BorholeFloatSwitch, Borehole_lvl;Borehole_Float_Switch
_61_Pump_Current, Current_Inverter_Pump,  _72_Current_Inverter_Pump;Borehole_Pump_Current
_55_Pump_Power;Borehole_Pump_Power
Switch_P1, BohrholeSwitch, _16_Bohrhole_Switch;Borehole_Pump_Switch
CIPSwitch, Switch_CIP, _12_CIP_Switch;CIP_Switch
CIP_tankempty, CIPtank_empty, _20_CIPtank_Low, _123_CIP_Empty;CIP_Tank_Empty
CIP_tankfull, CIPtankHigh, CIPtank_full, CIPtankLow, _19_CIPtank_High, _122_CIP_Full;CIP_Tank_Full
_54_Comp_Power, Comp_Power;Comp_Power
_16_Comp_Run, Comp_Run;Comp_Run
CurrentInverterBooster, _71_Current_Inverter_Booster;Current_Booster_Pump
_71_Current_Inverter_Comp, Current_Inverter_Comp, Frequency_Inverter_Comp;Current_Comp
_70_Current_Inverter_Evap, Current_Inverter_Evap, Frequency_Inverter_Evap;Current_Evap
CurrentInverterFeed, _70_Current_Inverter_Feed;Current_Feed_Pump
Datum_Backwash_Done, Last_Backwash, _103_Datum_Backwash_Done;Date_Backwash_Done
Datum_CIP_Done, _104_Datum_CIP_Done;Date_CIP_Done
_59_DC_Voltage, DC_Voltage;DC_Voltage
DCVoltageBooster, _62_DC_Voltage_Booster;DC_Voltage_Booster
DCVoltagePump;DC_Voltage_Borehole
_63_DC_Voltage_Pump, DC_Voltage_Pump;DC_Voltage_Borehole_Pump
_62_DC_Voltage_Comp, DC_Voltage_Comp;DC_Voltage_Comp
_61_DC_Voltage_Evap, DC_Voltage_Evap;DC_Voltage_Evap
DCVoltageFeed, _61_DC_Voltage_Feed;DC_Voltage_Feed
DriveError_Drv1;DriveError_Drv1
DriveError_Drv2;DriveError_Drv2
DriveError_Drv3;DriveError_Drv3
ec_value, _14_Conductivity_Switch, Conductivity_Switch, EC_Value, Leitfaehigkeit, _106_EC_Value;EC_Value
_12_Eco, _13_Eco, Eco;Eco 
Switch_P4;Elevating_Pump_Switch
_53_Evap_Power, Evap_Power;Evap_Power
_17_Evap_Run, Evap_Run;Evap_Run
Feed_Kwh;Feed_Kwh
Switch_P2, FeedSwitch, _13_Feed_Switch;Feed_Pump_Switch
_13_Float_Switch, Float_Switch;Float_Switch
_69_Frequency_Inverter_Pump, _72_Current_Inverter_Pump, freq_drv1, Frequency_Drv, Frequency_Inverter_Pump, FrequencyInverterPump, Frequenz_Inv1;Frequency_Drv1
freq_drv2, Frequency_Drv2, FrequencyInverterFeed, Frequenz_Inv2, _67_Frequency_Inverter_Feed, _70_Current_Inverter_Feed;Frequency_Drv2
freq_drv3, Frequency_Drv3, FrequencyInverterBooster, Frequenz_Inv3, _68_Frequency_Inverter_Booster, _71_Current_Inverter_Booster;Frequency_Drv3
Frequenz_Inv4;Frequency_Drv4
_51_Grid_Power, Grid_Power;Grid_Power
_67_Grid_Power_KWh_This_Hour, _78_Grid_Power_KWh_This_Hour, Grid_Power_KWh_This_Hour;Grid_Power_KWh_This_Hour
_69_Grid_Power_KWh_This_Month, _80_Grid_Power_KWh_This_Month, Grid_Power_KWh_This_Month;Grid_Power_KWh_This_Month
_68_Grid_Power_KWh_Today, _79_Grid_Power_KWh_Today, Grid_Power_KWh_Today;Grid_Power_KWh_This_Today
_66_Grid_Power_KWh_Total, _77_Grid_Power_KWh_Total, Grid_Power_KWh_Total;Grid_Power_Total
_15_Grid_is_On, _27_Grid_is_ON, Grid_is_ON, Grid_is_On, GridisON, _26_Grid_is_ON;Grid_Switch
IceMachine_Run, _19_IceMachine_Run;IceMachine_On
_54_Machine_Capacity, _56_Machine_Capacity, Machine_Capacity, MachineCapacity;Machine_Capacity
_55_Machine_Grid_Percentage, _57_Machine_Grid_Percentage, Machine_Grid_Percentage, MachineGridPercentage;Machine_Grid_Percentage
Machine_Mode_Backwash, _101_Machine_Mode_Backwash;Machine_Mode_Backwash
Machine_Mode_Bohrhole, _102_Machine_Mode_Bohrhole;Machine_Mode_Borehole
Machine_Mode_CIP, _98_Machine_Mode_CIP;Machine_Mode_CIP
Machine_Mode_Filling, _99_Machine_Mode_Filling;Machine_Mode_Filling
Machine_Mode_Flush, _100_Machine_Mode_Flush;Machine_Mode_Flush
Machine_Mode_Pro, _97_Machine_Mode_Pro;Machine_Mode_Pro
MachineRun, _18_Machine_Run;Machine_Run
_56_Machine_Solar_Percentage, _58_Machine_Solar_Percentage, Machine_Solar_Percentage, MachineSolarPercentage;Machine_Solar_Percentage
_117_Mains_On, mains_on, _11_Start, Mains_ON, Mains_OON;Main_ON
PremeateTank, _25_Premeate_Tank;Permeate_Tank_has_water
Ph_Tank1;Ph_Tank1
Ph_Tank2;Ph_Tank2
pressure, _57_Actual_Pressure, Actual_Pressure, Pressure, Systemdruck, _107_Pressure_Value;Pressure
Pressure2, _126_Pipe_Pressure;Pressure2
Pump_Current;Pump_Current
_53_Pump_Power, Pump_Power, _55_Pump_Power;Pump_Power
_18_Pump_Run, Pump_Run;Pump_Run
SC_ctrl1, _124_SCBW_V1_Ctrl;SCBW_1st_Ctrl
SCBW1_ok;SCBW_1st_Done
SC_ctrl2;SCBW_2nd_Ctrl
SCBW2_ok;SCBW_2nd_Done
SC_Sw;SCBW_Switch
_50_Solar_Power, _62_Solar_Power_KWh_Total, _73_Solar_Power_KWh_Total, Solar_Power;Solar_Power
_63_Solar_Power_KWh_This_Hour, _74_Solar_Power_KWh_This_Hour, Solar_Power_KWh_This_Hour;Solar_Power_KWh_This_Hour
_65_Solar_Power_KWh_This_Month, _76_Solar_Power_KWh_This_Month, Solar_Power_KWh_This_Month;Solar_Power_KWh_This_Month
_64_Solar_Power_KWh_Today, _75_Solar_Power_KWh_Today, Solar_Power_KWh_Today;Solar_Power_KWh_Today
Solar_Power_KWh_Total, _73_Solar_Power_KWh_Total;Solar_Power_KWh_Total
_25_Tank_High_Level, Tank_High_Level, _26_Tank_Low_Level, Tank_Low_Level;Tank_High_Level
Rawtank_toplvl, RawWaterTankHigh, _22_Raw_Water_Tank_High, _115_Rawtank_Top_Lvl;Tank_Raw_High_Level
Rawtank_lowlvl, RawWaterTankLow, _23_Raw_Water_Tank_Low, _114_Rawtank_Low_Lvl;Tank_Raw_Low_Level
_116_Premtank_Top_Lvl, Permtank_toplvl;Tank_Water_Clean_High_Level
_65_Temperature_Inverte_Comp;Temp_Comp
temp_drv1, _60_Inverter_Temperature, _66_Temperature_Inverter_Pump, Inverter_Temperature, Temp_Drv1;Temp_Drv1
temp_drv2, Temp_Drv2;Temp_Drv2
temp_drv3, Temp_Drv3;Temp_Drv3
_64_Temperature_Inverter_Evap;Temp_Evap
TemperatureInverterBooster, _65_Temperature_Inverter_Booster;Temp_Inverter_Booster
Temperature_Inverter_Comp;Temp_Inverter_Comp
Temperature_Inverter_Evap;Temp_Inverter_Evap
TemperatureInverterFeed, _64_Temperature_Inverter_Feed;Temp_Inverter_Feed
Temperature_Inverter_Pump, TemperatureInverterPump, _66_Temperature_Inverter_Pump;Temp_Inverter_Pump
_60_Total_Current, system_current, Total_Current;Total_Current
_52_Total_Power, _70_Output_Power_KWh_Total, _81_Output_Power_KWh_Total, Output_Power_KWh_Total, Total_Power;Total_Power
BoosterPower, _54_Booster_Power;Total_Power_Booster
FeedPower, _53_Feed_Power;Total_Power_Feed
_71_Output_Power_KWh_This_Hour, _82_Output_Power_KWh_This_Hour, Output_Power_KWh_This_Hour;Total_Power_KWh_This_Hour
_73_Output_Power_KWh_This_Month, _84_Output_Power_KWh_This_Month, Output_Power_KWh_This_Month;Total_Power_KWh_This_Month
_72_Output_Power_KWh_Today, _83_Output_Power_KWh_Today, Output_Power_KWh_Today;Total_Power_KWh_This_Today
_78_Total_Run_Time, Total_Run_Time;Total_Run_Time
totalwater_pro;Totalwater_Clean
totalwater_in;TotalWater_Raw
Ctrl_Uvin, UVin2_ctrl, UVin_ctrl, UVin_ctrll, _112_UV_In_Ctrl;UV_In_Ctrl
UV_inside_lifetime, UVin_lifetime;UV_In_Lifetime
UV_inside_switching_operations, UVin_switching, uvi_switching, _110_UV_In_Switching;UV_In_Switch
UVin_Betriebsstunden, UVin_workhours, uvin_workhours, _108_UV_In_Work_Hours;UV_In_Workhours
UV_Lamp_Run_Time;UV_Lamp_Run_Time
ctrl_UVout, UV_outside_switching_operations, UVout2_ctrl, UVout_ctrl, UVout_ctrll, _113_UV_Out_Ctrl;UV_Out_Ctrl
UV_outside_lifetime, UVout_lifetime;UV_Out_Lifetime
UVo_switching, uvo_switching, UvOutSwitch, _17_Uv_Out_Switch;UV_Out_Switch
UVo_Watersensor;UV_Out_Water_Sensor
UVo_workhours, uvo_workhours, _109_UV_Out_Work_Hours;UV_Out_Workhours
_79_UV_Lamp_Run_Time;UV_workhours
valves_cip;Valves_CIP
valves_filling;Valves_Filling
valves_flush;Valves_Flush
Valves_bw, _124_SCBW_V1_Ctrl;Valves_Position_BW
Valves_CIP, Valves_Position_cip;Valves_Position_CIP
Valves_Filling, Valves_Position_fillingcip;Valves_Position_Filling
Valves_Flush, Valves_Position_flush;Valves_Position_Flush
Valves_Position_pro, Valves_Pro, valves_pro;Valves_Position_Pro
voltage_drv1, Voltage_Drv1;Voltage_Drv1
voltage_drv2, Voltage_Drv2;Voltage_Drv2
voltage_drv3, Voltage_Drv3;Voltage_Drv3
Voltage_Drv4;Voltage_Drv4
Waterflowing, _125_Water_Flowing;Water_flowing
_81_Water_M3_This_Hour;Water_This_Hour
PremeateWaterM3ThisHour, _90_Premeate_Water_M3_This_Hour;Water_This_Hour_Clean
Water_M3_This_Hour;Water_This_Hour_Pro
RawWaterM3ThisHour, _86_Raw_Water_M3_This_Hour;Water_This_Hour_Raw
_83_Water_M3_Per_This_Month;Water_This_Month
PremeateWaterM3ThisMonth, _92_Premeate_Water_M3_This_Month;Water_This_Month_Clean
Water_M3_Per_This_Month, Water_M3_This_Month;Water_This_Month_Pro
RawWaterM3ThisMonth, _88_Raw_Water_M3_This_Month;Water_This_Month_Raw
_82_Water_M3_Today;Water_Today
_91_Premeate_Water_M3_Today, PremeateWaterM3Today, Water_Today_prod, WaterToday_Clean, WaterToday_pro, WaterToday_prod, Water_M3_Today;Water_Today_Clean
RawWaterM3Today, Water_Today_in, WaterToday_in, WaterToday_Raw, _87_Raw_Water_M3_Today;Water_Today_Raw
WaterToday_recov, WaterToday_Recovery;Water_Today_Recovery
Water_Today_sold, WaterToday_sold;Water_Today_Sold
_80_Water_M3_Total;Water_Total
Permeat, PremeateWaterM3Total, Totalwater_Clean, Water_produced, WaterTotal_pro, _89_Premeate_Water_M3_Total;Water_Total_Clean
Wasser_permeat, Water_M3_Total, ;Water_Total_Pro
RawWaterM3Total, TotalWater_Raw, Wasser_eingang, Wassereingang, Water_in, WaterTotal_in, _85_Raw_Water_M3_Total;Water_Total_Raw
TotalWater_Recovery, WaterTotal_recovery;Water_Total_Recovery
TotalWater_Sold, Verkauftes_Wasser, Wasser_verkauft, Water_sold, WaterTotal_sold;Water_Total_Sold
