DisplayName;c (tagId);ParameterNames
Alarm_Anti_Pump;10472631;_Anti_pump, Anti_pump
Alarm_AntiScalant_Tank;10472617;_AlarmAntiScalant, AlarmAntiScalant, Anti_Tank, Anti_Tankk, Anti_Tankkk, AntiScalantTank, AntiTank, AntiTank_empty, AntiTankkk
Alarm_Borehole_empty;10472616;_Alarm_Well_Level, Alarm_Well_Level, Alarm_Well_Water, AlarmWellLevel, _40_Alarm_Well_Level
Alarm_Comp;10472604;_23__Comp_Alarm, _23_Comp_Alarm, _35_Alarm_Comp, Alarm_Comp, Comp_Alarm
Alarm_Dosing_Pump;10473768;Dosing_Pump_Alarm
Alarm_DPS;10472609;_31__Alarm_DPS, _31_Alarm_DPS, Alarm_DPSe
Alarm_Drain_Valve;10472608;_30__Alarm_Drain_Valve, _30_Alarm_Drain_Valve, Alarm_Drain_Valve
Alarm_Evap_Motor;10472603;_22__Evap_Motor_Alarm, _22_Evap_Motor_Alarm, _34_Alarm_Evap, _41_Alarm_Evap_Rotation, Alarm_Evap, Alarm_Evap_Rotation, Evap_Motor_Alarm
Alarm_Fan_1;10472601;_20__Fan_1_Alarm, _20_Fan_1_Alarm, _32_Alarm_Fan_1, Alarm_Fan_1, Fan_1_Alarm, _21_Fan_2_Alarm, Alarm_Fan_2, Fan_2_Alarm, _33_Alarm_Fan_2
Alarm_Flowmeter;10472620;_AlarmFlowMeter, AlarmFlowMeter
Alarm_Inlet_Valve;10472607;_29__Alarm_Inlet_Valve_Water, _29_Alarm_Inlet_Valve_Water, Alarm_Inlet_Valve_Water
Alarm_Inverter1;10472613;_Alarm_Inverter_A, Alarm_Inverter_A, AlarmFeedInverterStatus
Alarm_Inverter2;10472614;_Alarm_Inverter_B, Alarm_Inverter_B, AlarmBoosterInverterStatus
Alarm_Inverter3;10472615;_Alarm_Inverter_C, Alarm_Inverter_C, AlarmBohrholeInverterStatus
Alarm_Lid;10472606;_28__Alarm_Lid, _28_Alarm_Lid, Alarm_Lid, _12_Lid_Alarm
Alarm_Ph;10473782;Ph_Alarm
Alarm_Pressure;10472612;_Alarm_High_Pressure, Alarm_High_Pressure, Pressurre_Alarm, _15_Pressurre_Alarm, _17_Alarm_High_Pressure, AlarmHighPressure
Alarm_Raw_Tank;10472622;_AlarmRaw_Tank_Alarm, AlarmRaw_Tank_Alarm
Alarm_Tank;10472611;_39__Alarm_Tank, _39_Alarm_Tank
Alarm_TDS;10472621;_AlarmHighTDS, AlarmHighTDS
Alarm_Temp_Inverter;10472598;_18__Alarm_Inverter, _18_Alarm_Inverter, _19_Alarm_Temperature_Inverter, Alarm_Inverter, Alarm_Temperature_Inverter
Alarm_Temp_Inverter1;10472610;_36__Alarm_Inverter_A, _36_Alarm_Inverter_A, _42_Alarm_Inverter_1_Over_Temperature, Alarm_Inverter_1_Over_Temperature, AlarmBohrholeInverterTemperature
Alarm_Temp_Inverter2;10472619;_AlarmFeedInverterTemperature, AlarmFeedInverterTemperature, _37_Alarm_Inverter_B, _43_Alarm_Inverter_2_Over_Temperature, Alarm_Inverter_2_Over_Temperature
Alarm_Temp_Inverter3;10472618;_AlarmBoosterInverterTemperature, AlarmBoosterInverterTemperature, _38_Alarm_Inverter_C, _44_Alarm_Inverter_3_Over_Temperature
Alarm_Unstable_Volt;10472623;_AlarmUnstableVoltage, AlarmUnstableVoltage
Alarm_UV_Lamp;10472600;_20__Alarm_UV_Lamp, _20_Alarm_UV_Lamp, Alarm_UV_Lamp
Alarm_UVIn_Lamp;10472624;_AlarmUVInLamp, AlarmUVInLamp
Alarm_UVOut_Lamp;10472625;_AlarmUVOutLamp, AlarmUVOutLamp
Alarm_Valve1;10472626;_AlarmValve1, AlarmValve1
Alarm_Valve2;10472627;_AlarmValve2, AlarmValve2
Alarm_Valve3;10472628;_AlarmValve3, AlarmValve3
Alarm_Valve4;10472629;_AlarmValve4, AlarmValve4
Alarm_Valve5;10472630;_AlarmValve5, AlarmValve5
Alarm_Watermeter;10472602;_21__Alarm_6_Water_Meter, _21_Alarm_6_Water_Meter, Alarm_6_Water_Meter
Auto_Manual_Switch;10472589;_11__Auto_Manual, _11_Auto_Manual, _12_Auto_Manual, Auto_Manual, Switch_Auto
Backwash_Switch;10472632;_BackwashSwitch, BackwashSwitch
Backwash_Switch;10472633;_BackwashSwitchC, BackwashSwitch
Booster_Pump_Switch;10473793;Switch_P3_BoosterSwitch, Switch_P3, BoosterSwitch
Booster_Pump_Total_Run;10466958;Feed_TotalRUN
Borehole_empty;10472595;_16__Alarm_Well_Water, _16_Alarm_Well_Water
Borehole_Float_Switch;10472593;_14__Borhole_Float_Switch, _14_Borhole_Float_Switch, _24_Borhole_Float_Switch, Borhole_Float_Switch, BorholeFloatSwitch, Borehole_lvl
Borehole_Pump_Current;10466803;_61_Pump_Current, Current_Inverter_Pump, _72_Current_Inverter_Pump
Borehole_Pump_Power;10466793;_55_Pump_Power
Borehole_Pump_Switch;10473791;Switch_P1_BohrholeSwitch, Switch_P1, BohrholeSwitch
CIP_Switch;10472636;_CIPSwitch, CIPSwitch, Switch_CIP
CIP_Switch;10472637;_CIPSwitchC, CIPSwitch, Switch_CIP
CIP_Tank_Empty;10472634;_CIP_tankempty, CIP_tankempty, CIPtank_empty
CIP_Tank_Full;10472635;_CIP_tankfull, CIP_tankfull, CIPtankHigh, CIPtank_full, CIPtankLow
Comp_Power;10466790;_54_Comp_Power, Comp_Power
Comp_Run;10472596;_16__Comp_Run, _16_Comp_Run, Comp_Run
Current_Booster_Pump;10466934;CurrentInverterBooster
Current_Comp;10466822;_71_Current_Inverter_Comp, Current_Inverter_Comp, Frequency_Inverter_Comp
Current_Evap;10466820;_70_Current_Inverter_Evap, Current_Inverter_Evap, Frequency_Inverter_Evap
Current_Feed_Pump;10466935;CurrentInverterFeed
Date_Backwash_Done;10472640;_Datum_Backwash_Done, Datum_Backwash_Done, Last_Backwash
Date_CIP_Done;10472641;_Datum_CIP_Done, Datum_CIP_Done
DC_Voltage;10466799;_59_DC_Voltage, DC_Voltage
DC_Voltage_Booster;10466943;DCVoltageBooster
DC_Voltage_Borehole;10466945;DCVoltagePump
DC_Voltage_Borehole_Pump;10466806;_63_DC_Voltage_Pump, DC_Voltage_Pump
DC_Voltage_Comp;10466804;_62_DC_Voltage_Comp, DC_Voltage_Comp
DC_Voltage_Evap;10466802;_61_DC_Voltage_Evap, DC_Voltage_Evap
DC_Voltage_Feed;10466944;DCVoltageFeed
DriveError_Drv1;10473769;DriveError_Drv1
DriveError_Drv2;10473770;DriveError_Drv2
DriveError_Drv3;10473771;DriveError_Drv3
EC_Value;10466950;ec_value, _14_Conductivity_Switch, Conductivity_Switch, EC_Value, Leitfaehigkeit
Eco;10472590;_12__Eco, _12_Eco, _13_Eco, Eco
Eco_control;10472591;_12C_Eco
Elevating_Pump_Switch;10473794;Switch_P4
Evap_Power;10466788;_53_Evap_Power, Evap_Power
Evap_Run;10472597;_17__Evap_Run, _17_Evap_Run, Evap_Run
Feed_Kwh;10466957;Feed_Kwh
Feed_Pump_Switch;10473792;Switch_P2_FeedSwitch, Switch_P2, FeedSwitch
Float_Switch;10472592;_13__Float_Switch, _13_Float_Switch, Float_Switch
Frequency_Comp;10466816;_68_Frequency_Inverter_Comp
Frequency_Drv1;10462379;_69_Frequency_Inverter_Pump, freq_drv1, Frequency_Drv, Frequency_Inverter_Pump, FrequencyInverterPump, Frequenz_Inv1
Frequency_Drv2;10462380;freq_drv2, Frequency_Drv2, FrequencyInverterFeed, Frequenz_Inv2
Frequency_Drv3;10462381;freq_drv3, Frequency_Drv3, FrequencyInverterBooster, Frequenz_Inv3
Frequency_Drv4;10466974;Frequenz_Inv4
Frequency_Evap;10466814;_67_Frequency_Inverter_Evap
Grid_Power;10466786;_51_Grid_Power, Grid_Power
Grid_Power_KWh_This_Hour;10466815;_67_Grid_Power_KWh_This_Hour, _78_Grid_Power_KWh_This_Hour, Grid_Power_KWh_This_Hour
Grid_Power_KWh_This_Month;10466819;_69_Grid_Power_KWh_This_Month, _80_Grid_Power_KWh_This_Month, Grid_Power_KWh_This_Month
Grid_Power_KWh_This_Today;10466817;_68_Grid_Power_KWh_Today, _79_Grid_Power_KWh_Today, Grid_Power_KWh_Today
Grid_Power_Total;10466812;_66_Grid_Power_KWh_Total, _77_Grid_Power_KWh_Total, Grid_Power_KWh_Total
Grid_Switch;10472594;_15__Grid_is_On, _15_Grid_is_On, _27_Grid_is_ON, Grid_is_ON, Grid_is_On, GridisON
IceMachine_On;10473772;IceMachine_Run, _19_IceMachine_Run
Machine_Capacity;10466791;_54_Machine_Capacity, _56_Machine_Capacity, Machine_Capacity, MachineCapacity
Machine_Grid_Percentage;10466792;_55_Machine_Grid_Percentage, _57_Machine_Grid_Percentage, Machine_Grid_Percentage, MachineGridPercentage
Machine_Mode_Backwash;10473773;Machine_Mode_Backwash
Machine_Mode_Borehole;10473774;Machine_Mode_Bohrhole
Machine_Mode_CIP;10473775;Machine_Mode_CIP
Machine_Mode_Filling;10473776;Machine_Mode_Filling
Machine_Mode_Flush;10473777;Machine_Mode_Flush
Machine_Mode_Pro;10473778;Machine_Mode_Pro
Machine_Run;10473779;MachineRun
Machine_Solar_Percentage;10466795;_56_Machine_Solar_Percentage, _58_Machine_Solar_Percentage, Machine_Solar_Percentage, MachineSolarPercentage
Main_ON;10473780;mains_on, _11_Start, Mains_ON, Mains_OON
Permeate_Tank_has_water;10473783;PremeateTank
Ph_Tank1;10467008;Ph_Tank1
Ph_Tank2;10467009;Ph_Tank2
Pressure;10467015;pressure, _57_Actual_Pressure, Actual_Pressure, Pressure, Systemdruck
Pressure2;10474987;Pressure2
Pump_Current;10467017;Pump_Current
Pump_Power;10466789;_53_Pump_Power, Pump_Power
Pump_Run;10472599;_18__Pump_Run, _18_Pump_Run, Pump_Run
SCBW_1st_Ctrl;10473786;SC_ctrl1
SCBW_1st_Done;10473789;SCBW1_ok
SCBW_2nd_Ctrl;10473787;SC_ctrl2
SCBW_2nd_Done;10473790;SCBW2_ok
SCBW_Switch;10473788;SC_Sw
Solar_Power;10466785;_50_Solar_Power, _62_Solar_Power_KWh_Total, _73_Solar_Power_KWh_Total, Solar_Power
Solar_Power_KWh_This_Hour;10466807;_63_Solar_Power_KWh_This_Hour, _74_Solar_Power_KWh_This_Hour, Solar_Power_KWh_This_Hour
Solar_Power_KWh_This_Month;10466810;_65_Solar_Power_KWh_This_Month, _76_Solar_Power_KWh_This_Month, Solar_Power_KWh_This_Month
Solar_Power_KWh_Today;10466808;_64_Solar_Power_KWh_Today, _75_Solar_Power_KWh_Today, Solar_Power_KWh_Today
Solar_Power_KWh_Total;10467037;Solar_Power_KWh_Total
Tank_High_Level;10472605;_25__Tank_High_Level, _25_Tank_High_Level, Tank_High_Level, _26_Tank_Low_Level, Tank_Low_Level
Tank_Raw_High_Level;10473785;Rawtank_toplvl, RawWaterTankHigh
Tank_Raw_Low_Level;10473784;Rawtank_lowlvl, RawWaterTankLow
Tank_Water_Clean_High_Level;10473781;Permtank_toplvl
Temp_Comp;10466811;_65_Temperature_Inverte_Comp
Temp_Drv1;10467049;temp_drv1, _60_Inverter_Temperature, _66_Temperature_Inverter_Pump, Inverter_Temperature, Temp_Drv1
Temp_Drv2;10467050;temp_drv2, Temp_Drv2
Temp_Drv3;10467051;temp_drv3, Temp_Drv3
Temp_Evap;10466809;_64_Temperature_Inverter_Evap
Temp_Inverter_Booster;10467055;TemperatureInverterBooster
Temp_Inverter_Comp;10467052;Temperature_Inverter_Comp
Temp_Inverter_Evap;10467053;Temperature_Inverter_Evap
Temp_Inverter_Feed;10467056;TemperatureInverterFeed
Temp_Inverter_Pump;10467054;Temperature_Inverter_Pump, TemperatureInverterPump
Total_Current;10466801;_60_Total_Current, system_current, Total_Current
Total_Power;10466787;_52_Total_Power, _70_Output_Power_KWh_Total, _81_Output_Power_KWh_Total, Output_Power_KWh_Total, Total_Power
Total_Power_Booster;10466907;BoosterPower
Total_Power_Feed;10466959;FeedPower
Total_Power_KWh_This_Hour;10466823;_71_Output_Power_KWh_This_Hour, _82_Output_Power_KWh_This_Hour, Output_Power_KWh_This_Hour
Total_Power_KWh_This_Month;10466826;_73_Output_Power_KWh_This_Month, _84_Output_Power_KWh_This_Month, Output_Power_KWh_This_Month
Total_Power_KWh_This_Today;10466825;_72_Output_Power_KWh_Today, _83_Output_Power_KWh_Today, Output_Power_KWh_Today
Total_Run_Time;10466837;_78_Total_Run_Time, Total_Run_Time
Totalwater_Clean;10462372;totalwater_pro
TotalWater_Raw;10462371;totalwater_in
UV_In_Ctrl;10472638;_Ctrl_Uvin, Ctrl_Uvin, UVin2_ctrl, UVin_ctrl, UVin_ctrll
UV_In_Lifetime;10467065;UV_inside_lifetime, UVin_lifetime
UV_In_Switch;10467066;UV_inside_switching_operations, UVin_switching, uvi_switching
UV_In_Workhours;10467071;UVin_Betriebsstunden, UVin_workhours, uvin_workhours
UV_Lamp_Run_Time;10467067;UV_Lamp_Run_Time
UV_Out_Ctrl;10472639;_ctrl_Uvout, ctrl_UVout, UV_outside_switching_operations, UVout2_ctrl, UVout_ctrl, UVout_ctrll
UV_Out_Lifetime;10467068;UV_outside_lifetime, UVout_lifetime
UV_Out_Switch;10467077;UVo_switching, uvo_switching, UvOutSwitch
UV_Out_Water_Sensor;10473795;UVo_Watersensor
UV_Out_Workhours;10467079;UVo_workhours, uvo_workhours
UV_workhours;10466839;_79_UV_Lamp_Run_Time
Valves_CIP;10473797;valves_cip
Valves_Filling;10473799;valves_filling
Valves_Flush;10473801;valves_flush
Valves_Position_BW;10473796;Valves_bw
Valves_Position_CIP;10473798;Valves_CIP_position, Valves_CIP, Valves_Position_cip
Valves_Position_Filling;10473800;Valves_Filling_position, Valves_Filling, Valves_Position_fillingcip
Valves_Position_Flush;10473802;Valves_Flush_position, Valves_Flush, Valves_Position_flush
Valves_Position_Pro;10473803;Valves_Position_pro, Valves_Pro, valves_pro
Voltage_Drv1;10467095;voltage_drv1, Voltage_Drv1
Voltage_Drv2;10467096;voltage_drv2, Voltage_Drv2
Voltage_Drv3;10467097;voltage_drv3, Voltage_Drv3
Voltage_Drv4;10467098;Voltage_Drv4
Water_flowing;10473804;Waterflowing
Water_This_Hour;10466843;_81_Water_M3_This_Hour
Water_This_Hour_Clean;10467011;PremeateWaterM3ThisHour
Water_This_Hour_Pro;10467105;Water_M3_This_Hour
Water_This_Hour_Raw;10467022;RawWaterM3ThisHour
Water_This_Month;10466847;_83_Water_M3_Per_This_Month
Water_This_Month_Clean;10467012;PremeateWaterM3ThisMonth
Water_This_Month_Pro;10467104;Water_M3_Per_This_Month, Water_M3_This_Month
Water_This_Month_Raw;10467023;RawWaterM3ThisMonth
Water_Today;10466845;_82_Water_M3_Today
Water_Today_Clean;10467013;PremeateWaterM3Today, Water_Today_prod, WaterToday_Clean, WaterToday_pro, WaterToday_prod, Water_M3_Today
Water_Today_Raw;10467024;RawWaterM3Today, Water_Today_in, WaterToday_in, WaterToday_Raw
Water_Today_Recovery;10467120;WaterToday_recov, WaterToday_Recovery
Water_Today_Sold;10467113;Water_Today_sold, WaterToday_sold
Water_Total;10466841;_80_Water_M3_Total
Water_Total_Clean;10467005;Permeat, PremeateWaterM3Total, Totalwater_Clean, Water_produced, WaterTotal_pro
Water_Total_Pro;10467100;Wasser_permeat, Water_M3_Total
Water_Total_Raw;10467025;RawWaterM3Total, TotalWater_Raw, Wasser_eingang, Wassereingang, Water_in, WaterTotal_in
Water_Total_Recovery;10467063;TotalWater_Recovery, WaterTotal_recovery
Water_Total_Sold;10467064;TotalWater_Sold, Verkauftes_Wasser, Wasser_verkauft, Water_sold, WaterTotal_sold
