NamibiaName;Status;Name;Displayname;Comments
_11_Auto_Manual;Match;_11_Auto_Manual;Auto_Manual_Switch;
_24_Borhole_Float_Switch;Match;_24_Borhole_Float_Switch;Borehole_Float_Switch;
_50_Solar_Power;Match;_50_Solar_Power;Solar_Power;
_51_Grid_Power;Match;_51_Grid_Power;Grid_Power;
_52_Total_Power;Match;_52_Total_Power;Total_Power;
_55_Pump_Power;Match;_55_Pump_Power;Borehole_Pump_Power;
_56_Machine_Capacity;Match;_56_Machine_Capacity;Machine_Capacity;
_57_Machine_Grid_Percentage;Match;_57_Machine_Grid_Percentage;Machine_Grid_Percentage;
_58_Machine_Solar_Percentage;Match;_58_Machine_Solar_Percentage;Machine_Solar_Percentage;
_60_Total_Current;Match;_60_Total_Current;Total_Current;
_63_DC_Voltage_Pump;Match;_63_DC_Voltage_Pump;DC_Voltage_Borehole_Pump;
_66_Temperature_Inverter_Pump;Match;_66_Temperature_Inverter_Pump;Temp_Drv1;
_69_Frequency_Inverter_Pump;Match;_69_Frequency_Inverter_Pump;Frequency_Drv1;
_72_Current_Inverter_Pump;Match;_72_Current_Inverter_Pump;Borehole_Pump_Current;
_73_Solar_Power_KWh_Total;Match;_73_Solar_Power_KWh_Total;Solar_Power;
_74_Solar_Power_KWh_This_Hour;Match;_74_Solar_Power_KWh_This_Hour;Solar_Power_KWh_This_Hour;
_75_Solar_Power_KWh_Today;Match;_75_Solar_Power_KWh_Today;Solar_Power_KWh_Today;
_76_Solar_Power_KWh_This_Month;Match;_76_Solar_Power_KWh_This_Month;Solar_Power_KWh_This_Month;
_77_Grid_Power_KWh_Total;Match;_77_Grid_Power_KWh_Total;Grid_Power_Total;
_78_Grid_Power_KWh_This_Hour;Match;_78_Grid_Power_KWh_This_Hour;Grid_Power_KWh_This_Hour;
_79_Grid_Power_KWh_Today;Match;_79_Grid_Power_KWh_Today;Grid_Power_KWh_This_Today;
_80_Grid_Power_KWh_This_Month;Match;_80_Grid_Power_KWh_This_Month;Grid_Power_KWh_This_Month;
_81_Output_Power_KWh_Total;Match;_81_Output_Power_KWh_Total;Total_Power;
_82_Output_Power_KWh_This_Hour;Match;_82_Output_Power_KWh_This_Hour;Total_Power_KWh_This_Hour;
_83_Output_Power_KWh_Today;Match;_83_Output_Power_KWh_Today;Total_Power_KWh_This_Today;
_84_Output_Power_KWh_This_Month;Match;_84_Output_Power_KWh_This_Month;Total_Power_KWh_This_Month;
_59_Alarm;No_match;;;
_93_Current_Hour;No_match;;;
_94_Current_Day;No_match;;;
_95_Current_Month;No_match;;;
_96_Current_Year;No_match;;;
_119_Borehole_Total_Run;No_match;;;
_129_TDS_Input;No_match;;;
_130_Temperature_Water;No_match;;;
_131_DC_Voltage_Blower;No_match;;;
_132_Temperature_Inverter_Blower;No_match;;;
_133_Frequency_Inverter_Blower;No_match;;;
_134_Current_Inverter_Blower;No_match;;;
_135_Blower_Power;No_match;;;
_136_Alarm_Blower_Inverter_Temperature_Alarm;No_match;;;
_137_Alarm_Blower_Inverter_Status_Alarm;No_match;;;
_141_Blower_Total_Run;No_match;;;
_142_CO2_Saving_Total;No_match;;;
_143_CO2_Saving_This_Hour;No_match;;;
_144_CO2_Saving_Today;No_match;;;
_145_CO2_Saving_This_Month;No_match;;;
_146_Grid_Voltage_L1;No_match;;;
_147_Grid_Voltage_L2;No_match;;;
_148_Grid_Voltage_L3;No_match;;;
_12_CIP_Switch;Similar;Switch_CIP;CIP_Switch;
_13_Feed_Switch;Similar;Switch_P2;Feed_Pump_Switch;
_14_Booster_Switch;Similar;Switch_P3;Booster_Pump_Switch;
_15_Back_Wash_Switch;Similar;BackwashSwitch;Backwash_Switch;
_16_Bohrhole_Switch;Similar;BohrholeSwitch;Borehole_Pump_Switch;
_17_Uv_Out_Switch;Similar;UvOutSwitch;UV_Out_Switch;
_18_Machine_Run;Similar;MachineRun;Machine_Run;
_19_CIPtank_High;Similar;CIPtankHigh;CIP_Tank_Full;
_20_CIPtank_Low;Similar;CIPtank_empty;CIP_Tank_Empty;
_21_Anti_Scalant_Tank;Similar;AntiTank_empty;Alarm_AntiScalant_Tank;
_22_Raw_Water_Tank_High;Similar;RawWaterTankHigh;Tank_Raw_High_Level;
_23_Raw_Water_Tank_Low;Similar;RawWaterTankLow;Tank_Raw_Low_Level;
_25_Premeate_Tank;Similar;PremeateTank;Permeate_Tank_has_water;
_26_Grid_is_ON;Similar;Grid_is_ON;Grid_Switch;
_27_Alarm_Well_Level_Alarm;Similar;Alarm_Well_Level;Alarm_Borehole_empty;
_28_Alarm_Feed_Inverter_Status_Alarm;Similar;Alarm_Inverter_B;Alarm_Inverter2;
_29_Alarm_Booster_Inverter_Status_Alarm;Similar;Alarm_Inverter_C;Alarm_Inverter3;
_30_Alarm_Bohrhole_Inverter_Status_Alarm;Similar;Alarm_Inverter_A;Alarm_Inverter1;
_31_Alarm_High_Pressure_Alarm;Similar;Alarm_High_Pressure;Alarm_Pressure;
_32_Alarm_High_TDS_Alarm;Similar;AlarmHighTDS;Alarm_TDS;
_33_Alarm_Feed_Inverter_Temperature_Alarm;Similar;AlarmFeedInverterTemperature;Alarm_Temp_Inverter2;
_34_Alarm_Booster_Inverter_Temperature_Alarm;Similar;AlarmBoosterInverterTemperature;Alarm_Temp_Inverter3;
_35_Alarm_Bohrhole_Inverter_Temperature_Alarm;Similar;AlarmBohrholeInverterTemperature;Alarm_Temp_Inverter1;
_36_Alarm_UV_In_Lamp_Alarm;Similar;AlarmUVInLamp;Alarm_UVIn_Lamp;
_37_Alarm_UV_Out_Lamp_Alarm;Similar;AlarmUVOutLamp;Alarm_UVOut_Lamp;
_38_Alarm_Anti_Scalant_Alarm;Similar;AlarmAntiScalant;Alarm_AntiScalant_Tank;
_39_Alarm_Flow_Meter_Alarm;Similar;AlarmFlowMeter;Alarm_Flowmeter;
_40_Alarm_Unstable_Voltage_Alarm;Similar;AlarmUnstableVoltage;Alarm_Unstable_Volt;
_41_AlarmRaw_Tank_Alarm;Similar;AlarmRaw_Tank_Alarm;Alarm_Raw_Tank;
_42_Alarm_Valve_1_Alarm;Similar;AlarmValve1;Alarm_Valve1;
_43_Alarm_Valve_2_Alarm;Similar;AlarmValve2;Alarm_Valve2;
_44_Alarm_Valve_3_Alarm;Similar;AlarmValve3;Alarm_Valve3;
_45_Alarm_Valve_4_Alarm;Similar;AlarmValve4;Alarm_Valve4;
_46_Alarm_Valve_5_Alarm;Similar;AlarmValve5;Alarm_Valve5;
_53_Feed_Power;Similar;FeedPower;Total_Power_Feed;
_54_Booster_Power;Similar;BoosterPower;Total_Power_Booster;
_61_DC_Voltage_Feed;Similar;DCVoltageFeed;DC_Voltage_Feed;
_62_DC_Voltage_Booster;Similar;DCVoltageBooster;DC_Voltage_Booster;
_64_Temperature_Inverter_Feed;Similar;TemperatureInverterFeed;Temp_Inverter_Feed;
_65_Temperature_Inverter_Booster;Similar;TemperatureInverterBooster;Temp_Inverter_Booster;
_67_Frequency_Inverter_Feed;Similar;FrequencyInverterFeed;Frequency_Drv2;
_68_Frequency_Inverter_Booster;Similar;FrequencyInverterBooster;Frequency_Drv3;
_70_Current_Inverter_Feed;Similar;CurrentInverterFeed;Current_Feed_Pump;
_71_Current_Inverter_Booster;Similar;CurrentInverterBooster;Current_Booster_Pump;
_85_Raw_Water_M3_Total;Similar;RawWaterM3Total;Water_Total_Raw;
_86_Raw_Water_M3_This_Hour;Similar;RawWaterM3ThisHour;Water_This_Hour_Raw;
_87_Raw_Water_M3_Today;Similar;RawWaterM3Today;Water_Today_Raw;
_88_Raw_Water_M3_This_Month;Similar;RawWaterM3ThisMonth;Water_This_Month_Raw;
_89_Premeate_Water_M3_Total;Similar;PremeateWaterM3Total;Water_Total_Clean;
_90_Premeate_Water_M3_This_Hour;Similar;PremeateWaterM3ThisHour;Water_This_Hour_Clean;
_91_Premeate_Water_M3_Today;Similar;PremeateWaterM3Today;Water_Today_Clean;
_92_Premeate_Water_M3_This_Month;Similar;PremeateWaterM3ThisMonth;Water_This_Month_Clean;
_97_Machine_Mode_Pro;Similar;Machine_Mode_Pro;Machine_Mode_Pro;
_98_Machine_Mode_CIP;Similar;Machine_Mode_CIP;Machine_Mode_CIP;
_99_Machine_Mode_Filling;Similar;Machine_Mode_Filling;Machine_Mode_Filling;
_100_Machine_Mode_Flush;Similar;Machine_Mode_Flush;Machine_Mode_Flush;
_101_Machine_Mode_Backwash;Similar;Machine_Mode_Backwash;Machine_Mode_Backwash;
_102_Machine_Mode_Bohrhole;Similar;Machine_Mode_Bohrhole;Machine_Mode_Borehole;
_103_Datum_Backwash_Done;Similar;Datum_Backwash_Done;Date_Backwash_Done;
_104_Datum_CIP_Done;Similar;Datum_CIP_Done;Date_CIP_Done;
_105_Dosing_Pump_Alarm;Similar;Dosing_Pump_Alarm;Alarm_Dosing_Pump;
_106_EC_Value;Similar;EC_Value;EC_Value;
_107_Pressure_Value;Similar;Pressure;Pressure;
_108_UV_In_Work_Hours;Similar;UVin_workhours;UV_In_Workhours;
_109_UV_Out_Work_Hours;Similar;uvo_workhours;UV_Out_Workhours;
_110_UV_In_Switching;Similar;UVin_switching;UV_In_Switch;
_111_Antitank_Empty;Similar;AntiTank_empty;Alarm_AntiScalant_Tank;
_112_UV_In_Ctrl;Similar;UVin_ctrl;UV_In_Ctrl;
_113_UV_Out_Ctrl;Similar;UVout_ctrl;UV_Out_Ctrl;
_114_Rawtank_Low_Lvl;Similar;Rawtank_lowlvl;Tank_Raw_Low_Level;
_115_Rawtank_Top_Lvl;Similar;Rawtank_toplvl;Tank_Raw_High_Level;
_116_Premtank_Top_Lvl;Similar;Permtank_toplvl;Tank_Water_Clean_High_Level;
_117_Mains_On;Similar;Mains_ON;Main_ON;
_118_Anti_Pump;Similar;Anti_pump;Alarm_Anti_Pump;
_120_Boost_Total_Run;Similar;Feed_TotalRUN;Booster_Pump_Total_Run;
_121_Feed_Total_Run;Similar;Feed_TotalRUN;Feed_Pump_Total_Run;
_122_CIP_Full;Similar;CIPtankHigh;CIP_Tank_Full;
_123_CIP_Empty;Similar;CIPtank_empty;CIP_Tank_Empty;
_124_SCBW_V1_Ctrl;Similar;SC_ctrl1;SCBW_1st_Ctrl;
_125_Water_Flowing;Similar;Waterflowing;Water_flowing;
_126_Pressure_2;Similar;Pressure2;Pressure2;
_127_pH_Input;Similar;Ph_Tank1;Ph_Tank1;
_128_pH_Output;Similar;Ph_Tank2;Ph_Tank2;
_138_Alarm_Valve_6_Alarm;Similar;AlarmValve5;Alarm_Valve5;
_139_Diff_Pressure;No_match;;;
_140_SCBW_V2_Ctrl;Similar;SC_ctrl2;SCBW_2nd_Ctrl;
